x,y,w,h,Total_Faces,Image_Name
73,120,427,427,1,real_00909.jpg
62,79,462,462,1,real_00902.jpg
96,156,405,405,1,real_00554.jpg
90,76,413,413,1,real_00791.jpg
122,130,425,425,1,real_00331.jpg
548,315,25,25,4,real_00231.jpg
8,289,50,50,4,real_00231.jpg
103,29,57,57,4,real_00231.jpg
87,167,346,346,4,real_00231.jpg
59,101,467,467,1,real_00799.jpg
76,53,423,423,1,real_00939.jpg
398,314,50,50,1,real_00704.jpg
155,188,369,369,1,real_00738.jpg
0,0,0,0,0,real_00917.jpg
66,86,451,451,1,real_00545.jpg
102,46,474,474,1,real_00329.jpg
52,111,470,470,1,real_00427.jpg
97,168,377,377,1,real_00782.jpg
206,23,70,70,2,real_00698.jpg
87,105,407,407,2,real_00698.jpg
236,367,91,91,1,real_01024.jpg
69,162,398,398,1,real_00881.jpg
89,182,323,323,1,real_01048.jpg
72,136,430,430,1,real_00425.jpg
100,225,370,370,2,real_00658.jpg
7,412,77,77,2,real_00658.jpg
159,149,405,405,1,real_00074.jpg
0,0,0,0,0,real_00729.jpg
231,196,299,299,1,real_00736.jpg
83,152,426,426,1,real_00751.jpg
113,135,422,422,1,real_00235.jpg
0,0,0,0,0,real_00775.jpg
56,69,437,437,1,real_00896.jpg
168,145,346,346,1,real_00821.jpg
61,92,458,458,1,real_00945.jpg
59,190,390,390,1,real_00092.jpg
26,166,34,34,2,real_01056.jpg
126,161,359,359,2,real_01056.jpg
83,153,384,384,1,real_00864.jpg
284,265,64,64,2,real_00402.jpg
6,242,104,104,2,real_00402.jpg
71,53,459,459,1,real_00461.jpg
0,0,0,0,0,real_00793.jpg
75,72,451,451,1,real_00348.jpg
115,39,468,468,1,real_00994.jpg
108,74,420,420,1,real_00410.jpg
121,179,374,374,1,real_00889.jpg
73,8,508,508,1,real_00954.jpg
64,86,439,439,1,real_00028.jpg
39,29,485,485,1,real_00670.jpg
56,167,339,339,1,real_01036.jpg
0,0,0,0,0,real_00723.jpg
92,111,434,434,1,real_00257.jpg
174,184,301,301,1,real_00464.jpg
156,121,378,378,1,real_00959.jpg
91,77,395,395,1,real_00505.jpg
508,252,63,63,2,real_00383.jpg
23,56,506,506,2,real_00383.jpg
124,171,358,358,1,real_00166.jpg
91,154,387,387,2,real_00955.jpg
495,442,85,85,2,real_00955.jpg
79,139,434,434,1,real_00002.jpg
0,0,0,0,0,real_00039.jpg
129,149,374,374,1,real_00256.jpg
82,113,388,388,1,real_00138.jpg
59,43,479,479,1,real_00023.jpg
0,0,0,0,0,real_00711.jpg
269,255,56,56,2,real_00201.jpg
19,474,66,66,2,real_00201.jpg
90,196,354,354,1,real_00301.jpg
35,119,416,416,1,real_01023.jpg
75,138,390,390,1,real_00172.jpg
80,154,402,402,1,real_00806.jpg
27,70,478,478,1,real_00865.jpg
48,67,450,450,1,real_00178.jpg
44,76,481,481,1,real_00236.jpg
0,0,0,0,0,real_00066.jpg
36,181,346,346,1,real_00111.jpg
0,0,0,0,0,real_00148.jpg
0,0,0,0,0,real_00013.jpg
53,30,497,497,1,real_00869.jpg
79,122,413,413,1,real_00260.jpg
155,130,413,413,1,real_00707.jpg
380,317,101,101,1,real_00495(1).jpg
23,34,468,468,1,real_00129.jpg
104,108,431,431,1,real_00456(1).jpg
50,188,369,369,1,real_00336.jpg
445,191,55,55,2,real_00904.jpg
13,13,527,527,2,real_00904.jpg
85,103,59,59,2,real_01013(1).jpg
160,128,426,426,2,real_01013(1).jpg
136,108,410,410,1,real_00664.jpg
61,304,50,50,1,real_00577.jpg
134,171,369,369,1,real_00777.jpg
53,87,449,449,1,real_01080.jpg
76,141,360,360,1,real_00040.jpg
69,145,427,427,1,real_00291.jpg
57,132,443,443,1,real_00911.jpg
61,175,386,386,1,real_00499.jpg
47,38,538,538,1,real_00217.jpg
87,135,413,413,1,real_00411.jpg
151,134,430,430,1,real_00318.jpg
69,123,422,422,1,real_00673.jpg
100,175,407,407,1,real_00355.jpg
80,154,419,419,1,real_00549.jpg
26,187,305,305,2,real_00519.jpg
152,127,404,404,2,real_00519.jpg
4,21,108,108,1,real_00105.jpg
68,134,425,425,1,real_00214.jpg
32,99,467,467,1,real_00328.jpg
59,125,462,462,1,real_00449.jpg
140,164,405,405,1,real_00393.jpg
59,73,479,479,1,real_00931.jpg
66,55,471,471,1,real_01007.jpg
29,161,391,391,1,real_00632.jpg
74,397,30,30,2,real_00219.jpg
536,437,61,61,2,real_00219.jpg
181,110,391,391,1,real_00119.jpg
74,87,456,456,1,real_00508.jpg
101,130,408,408,1,real_00044.jpg
69,166,387,387,1,real_00556.jpg
202,142,372,372,1,real_00717.jpg
44,68,470,470,1,real_00361.jpg
226,326,61,61,1,real_00880.jpg
72,101,423,423,1,real_00657.jpg
479,197,40,40,2,real_00031.jpg
10,161,420,420,2,real_00031.jpg
8,130,375,375,1,real_00384.jpg
91,84,429,429,1,real_00892.jpg
14,82,437,437,1,real_00326.jpg
108,181,26,26,3,real_00980.jpg
129,325,60,60,3,real_00980.jpg
23,505,73,73,3,real_00980.jpg
0,0,0,0,0,real_00081.jpg
78,60,486,486,1,real_00024.jpg
85,105,450,450,1,real_00394.jpg
0,0,0,0,0,real_00147.jpg
165,221,322,322,1,real_01049.jpg
45,233,29,29,1,real_00851.jpg
87,96,430,430,1,real_00797.jpg
83,138,410,410,1,real_00551.jpg
0,0,0,0,0,real_00522.jpg
42,135,398,398,1,real_01042.jpg
0,0,0,0,0,real_00804.jpg
93,117,451,451,1,real_00920.jpg
0,0,0,0,0,real_00807.jpg
276,293,96,96,1,real_00716.jpg
162,46,39,39,1,real_00215.jpg
89,167,406,406,1,real_01077.jpg
472,18,91,91,2,real_00362.jpg
223,217,288,288,2,real_00362.jpg
17,105,451,451,1,real_00870.jpg
61,124,447,447,1,real_00432.jpg
58,71,438,438,1,real_00321.jpg
68,106,463,463,1,real_00453.jpg
81,167,389,389,1,real_00874.jpg
106,193,394,394,1,real_00772.jpg
32,12,499,499,1,real_00444.jpg
78,105,437,437,1,real_00014.jpg
79,103,463,463,1,real_00831.jpg
56,120,432,432,1,real_01006.jpg
169,148,359,359,1,real_00211.jpg
49,92,458,458,1,real_00295.jpg
76,112,440,440,1,real_00687.jpg
522,228,33,33,3,real_00467.jpg
116,170,361,361,3,real_00467.jpg
529,430,61,61,3,real_00467.jpg
75,72,410,410,1,real_00679.jpg
92,129,428,428,1,real_00011.jpg
0,0,0,0,0,real_00852.jpg
53,43,501,501,1,real_00812.jpg
99,132,428,428,1,real_00745.jpg
123,194,362,362,1,real_00357.jpg
46,35,534,534,1,real_00996.jpg
185,81,373,373,1,real_00993.jpg
106,141,364,364,2,real_00573.jpg
427,495,99,99,2,real_00573.jpg
148,135,405,405,1,real_00808.jpg
112,72,451,451,1,real_00715.jpg
56,116,440,440,1,real_00964.jpg
71,173,402,402,1,real_01020.jpg
73,72,450,450,1,real_00076.jpg
436,78,93,93,1,real_00929.jpg
45,32,491,491,1,real_00860.jpg
0,0,0,0,0,real_00607.jpg
67,81,484,484,1,real_00447.jpg
248,140,325,325,1,real_00709.jpg
12,122,408,408,1,real_00740.jpg
41,141,404,404,1,real_00207.jpg
109,28,470,470,1,real_00803.jpg
123,68,453,453,1,real_00828.jpg
70,115,459,459,1,real_00137.jpg
112,137,403,403,1,real_00756.jpg
65,18,484,484,1,real_00218.jpg
466,88,58,58,3,real_01072.jpg
77,62,65,65,3,real_01072.jpg
107,172,350,350,3,real_01072.jpg
122,190,393,393,1,real_00682.jpg
66,55,471,471,1,real_01007(1).jpg
0,0,0,0,0,real_00697.jpg
0,0,0,0,0,real_00466.jpg
0,0,0,0,0,real_00319.jpg
166,164,57,57,1,real_00077.jpg
142,28,57,57,2,real_00045.jpg
163,142,391,391,2,real_00045.jpg
126,220,355,355,1,real_00834.jpg
72,67,471,471,1,real_01079.jpg
0,0,0,0,0,real_00788.jpg
105,99,416,416,1,real_00975.jpg
280,204,26,26,2,real_00722.jpg
267,291,34,34,2,real_00722.jpg
103,165,404,404,1,real_00903.jpg
0,0,0,0,0,real_00990.jpg
72,121,430,430,1,real_00546.jpg
91,156,400,400,1,real_00816.jpg
82,81,465,465,1,real_00885.jpg
210,50,56,56,2,real_00368.jpg
103,144,411,411,2,real_00368.jpg
64,188,359,359,1,real_00489.jpg
88,67,442,442,1,real_00940.jpg
105,58,445,445,1,real_00346.jpg
415,121,116,116,1,real_00746.jpg
123,212,331,331,1,real_00462.jpg
63,188,357,357,1,real_00748.jpg
51,96,448,448,1,real_00398.jpg
41,99,478,478,1,real_00158.jpg
21,147,402,402,1,real_00364.jpg
46,36,512,512,1,real_00344.jpg
101,108,439,439,1,real_00186.jpg
62,170,352,352,1,real_00051.jpg
165,181,367,367,1,real_00591.jpg
87,175,392,392,1,real_00049.jpg
122,160,402,402,1,real_00876.jpg
472,180,119,119,2,real_00083.jpg
117,235,353,353,2,real_00083.jpg
62,163,347,347,1,real_00616.jpg
84,130,409,409,2,real_00908.jpg
495,99,83,83,2,real_00908.jpg
127,164,386,386,1,real_00294.jpg
119,167,420,420,1,real_00270.jpg
99,132,417,417,2,real_00677.jpg
2,22,64,64,2,real_00677.jpg
100,197,353,353,1,real_00306.jpg
0,0,0,0,0,real_00275.jpg
86,175,389,389,1,real_00474.jpg
61,150,385,385,1,real_00194.jpg
4,14,486,486,1,real_00223.jpg
40,10,466,466,1,real_00146.jpg
529,8,59,59,3,real_00774.jpg
539,312,56,56,3,real_00774.jpg
105,189,372,372,3,real_00774.jpg
105,182,380,380,1,real_00574.jpg
101,168,386,386,1,real_00790.jpg
96,171,386,386,1,real_00030.jpg
18,75,473,473,1,real_00010.jpg
206,191,355,355,1,real_00179.jpg
59,146,392,392,1,real_00518.jpg
78,109,438,438,1,real_00555.jpg
79,97,443,443,1,real_00144.jpg
57,123,416,416,1,real_00987.jpg
78,103,412,412,1,real_00324.jpg
107,138,399,399,1,real_00767.jpg
91,133,413,413,1,real_00794.jpg
119,200,354,354,1,real_00719.jpg
61,101,424,424,1,real_00407.jpg
44,45,459,459,1,real_00022.jpg
57,286,54,54,1,real_00798.jpg
82,68,427,427,1,real_00643.jpg
128,184,360,360,1,real_00353.jpg
300,121,61,61,1,real_00103.jpg
484,41,110,110,2,real_00629.jpg
60,206,349,349,2,real_00629.jpg
54,111,407,407,1,real_00845.jpg
80,47,468,468,1,real_00552.jpg
74,120,424,424,1,real_00233.jpg
44,127,402,402,1,real_00570.jpg
113,189,370,370,1,real_00303.jpg
559,198,37,37,2,real_00325.jpg
107,161,404,404,2,real_00325.jpg
76,166,393,393,1,real_00334.jpg
8,130,415,415,1,real_00695.jpg
43,142,419,419,1,real_00196.jpg
134,168,413,413,1,real_00358.jpg
95,171,390,390,1,real_00502.jpg
57,65,398,398,1,real_00769.jpg
91,118,397,397,1,real_00565.jpg
63,132,400,400,1,real_00819.jpg
0,0,0,0,0,real_00435.jpg
28,51,505,505,1,real_00027.jpg
0,0,0,0,0,real_00162.jpg
426,320,85,85,1,real_00484.jpg
142,164,384,384,1,real_00879.jpg
14,34,505,505,1,real_00636.jpg
71,151,438,438,2,real_00108.jpg
55,336,168,168,2,real_00108.jpg
135,144,404,404,1,real_00592.jpg
212,119,180,180,1,real_00020.jpg
0,0,0,0,0,real_00877.jpg
75,100,436,436,1,real_00571.jpg
67,78,457,457,1,real_00265.jpg
93,107,474,474,1,real_01019.jpg
0,0,0,0,0,real_00921.jpg
0,0,0,0,0,real_00493.jpg
28,129,365,365,1,real_00240.jpg
65,151,400,400,1,real_00206.jpg
102,98,410,410,1,real_00575.jpg
76,86,478,478,1,real_00498.jpg
90,165,391,391,1,real_00229.jpg
76,112,416,416,1,real_00854.jpg
71,138,433,433,1,real_01011.jpg
82,140,400,400,1,real_01028.jpg
0,0,0,0,0,real_00611.jpg
52,25,502,502,1,real_00568.jpg
312,51,53,53,1,real_00009.jpg
71,70,474,474,1,real_00390.jpg
130,207,382,382,1,real_00926.jpg
37,83,490,490,1,real_00150.jpg
143,180,348,348,1,real_00712.jpg
44,99,424,424,1,real_01010.jpg
133,152,384,384,1,real_00392.jpg
0,0,0,0,0,real_00056.jpg
83,120,424,424,2,real_01001.jpg
458,21,107,107,2,real_01001.jpg
158,191,354,354,1,real_00780.jpg
59,135,377,377,1,real_00681.jpg
54,104,429,429,1,real_00504.jpg
40,71,471,471,1,real_00972.jpg
31,84,439,439,1,real_00836.jpg
0,0,0,0,0,real_00339.jpg
96,166,389,389,1,real_00477.jpg
152,137,357,357,1,real_00380.jpg
0,0,0,0,0,real_00366.jpg
38,52,523,523,1,real_00109.jpg
91,151,397,397,1,real_00824.jpg
124,156,399,399,1,real_01026.jpg
121,175,349,349,2,real_00127.jpg
99,146,205,205,2,real_00127.jpg
66,52,462,462,1,real_00833.jpg
186,150,366,366,1,real_00050.jpg
164,144,182,182,2,real_00417.jpg
103,114,440,440,2,real_00417.jpg
120,152,402,402,1,real_00531.jpg
71,139,432,432,1,real_00781.jpg
50,79,501,501,1,real_00037.jpg
52,129,452,452,1,real_00365.jpg
191,211,352,352,1,real_00292.jpg
81,159,420,420,1,real_00274.jpg
65,145,381,381,1,real_00268.jpg
76,130,373,373,1,real_00406.jpg
0,0,0,0,0,real_00700.jpg
198,111,60,60,1,real_00614.jpg
36,178,396,396,3,real_00192.jpg
61,61,98,98,3,real_00192.jpg
250,22,171,171,3,real_00192.jpg
122,170,372,372,1,real_00038.jpg
55,144,397,397,1,real_01002.jpg
24,125,435,435,1,real_01043.jpg
64,35,468,468,1,real_00783.jpg
57,73,35,35,2,real_00973.jpg
156,124,353,353,2,real_00973.jpg
66,65,466,466,1,real_00006.jpg
0,0,0,0,0,real_00692.jpg
59,87,439,439,1,real_01000.jpg
129,90,438,438,1,real_00733.jpg
150,22,55,55,1,real_00742.jpg
24,152,430,430,1,real_00284.jpg
55,117,430,430,1,real_00967.jpg
97,35,433,433,1,real_00200.jpg
101,190,32,32,4,real_00949.jpg
44,214,48,48,4,real_00949.jpg
352,296,61,61,4,real_00949.jpg
478,263,110,110,4,real_00949.jpg
138,99,446,446,2,real_00763.jpg
38,289,81,81,2,real_00763.jpg
120,178,375,375,1,real_00131.jpg
110,110,441,441,1,real_00533.jpg
60,64,476,476,1,real_00458.jpg
149,213,370,370,1,real_00279.jpg
54,73,469,469,1,real_00101.jpg
29,93,482,482,2,real_00285.jpg
115,165,134,134,2,real_00285.jpg
111,135,418,418,1,real_00676.jpg
70,114,437,437,1,real_00503.jpg
106,156,393,393,1,real_00252.jpg
95,155,409,409,1,real_00448.jpg
166,185,391,391,1,real_00169.jpg
82,146,410,410,1,real_00912.jpg
118,126,416,416,1,real_00669.jpg
412,259,82,82,1,real_00946.jpg
25,173,327,327,1,real_00653.jpg
306,284,244,244,1,real_00625.jpg
75,112,448,448,1,real_00846.jpg
148,136,397,397,1,real_00785.jpg
45,58,472,472,1,real_00085.jpg
0,0,0,0,0,real_00705.jpg
53,29,480,480,1,real_00512.jpg
29,75,513,513,1,real_00122.jpg
180,62,63,63,2,real_00287.jpg
169,201,368,368,2,real_00287.jpg
503,307,64,64,2,real_00576.jpg
10,38,430,430,2,real_00576.jpg
18,81,470,470,2,real_00026.jpg
121,352,145,145,2,real_00026.jpg
0,0,0,0,0,real_00335.jpg
18,37,557,557,1,real_00094.jpg
0,0,0,0,0,real_00609.jpg
131,185,347,347,1,real_01022.jpg
25,65,502,502,1,real_00550.jpg
419,41,61,61,1,real_00413.jpg
97,234,326,326,1,real_01029.jpg
135,182,357,357,1,real_00248.jpg
148,131,402,402,1,real_00438.jpg
119,195,350,350,1,real_00434.jpg
108,237,344,344,1,real_00509.jpg
106,118,398,398,1,real_00382.jpg
149,115,411,411,1,real_00893.jpg
139,98,64,64,2,real_00021.jpg
96,139,422,422,2,real_00021.jpg
47,151,361,361,3,real_00922.jpg
132,93,447,447,3,real_00922.jpg
412,226,140,140,3,real_00922.jpg
101,181,358,358,1,real_01061.jpg
59,78,447,447,1,real_00978.jpg
527,230,59,59,2,real_00141.jpg
93,145,403,403,2,real_00141.jpg
74,89,452,452,1,real_00792.jpg
235,200,56,56,2,real_00572.jpg
429,494,97,97,2,real_00572.jpg
55,152,412,412,1,real_00720.jpg
86,185,339,339,1,real_00276.jpg
118,210,367,367,1,real_00180.jpg
90,116,442,442,1,real_00936.jpg
0,0,0,0,0,real_00426.jpg
82,127,422,422,1,real_00457.jpg
54,58,488,488,1,real_00237.jpg
36,105,427,427,1,real_00177.jpg
79,119,416,416,1,real_00241.jpg
36,70,483,483,1,real_00998.jpg
84,134,425,425,1,real_00494.jpg
77,54,477,477,1,real_00861.jpg
74,107,421,421,1,real_00517.jpg
49,132,445,445,1,real_00170.jpg
237,210,303,303,1,real_00759.jpg
0,0,0,0,0,real_00097.jpg
119,204,365,365,1,real_00182.jpg
134,211,346,346,1,real_01071.jpg
98,175,384,384,1,real_00606.jpg
48,121,462,462,1,real_00622.jpg
128,186,347,347,1,real_01008.jpg
346,76,100,100,1,real_00005.jpg
14,25,496,496,1,real_00482.jpg
47,89,464,464,1,real_00765.jpg
117,109,425,425,1,real_00159.jpg
0,0,0,0,0,real_00970.jpg
73,124,433,433,1,real_00096.jpg
87,115,443,443,1,real_00025.jpg
47,88,500,500,1,real_00913.jpg
267,258,79,79,2,real_00684.jpg
280,293,85,85,2,real_00684.jpg
116,203,359,359,1,real_00209.jpg
82,87,451,451,1,real_00528.jpg
31,81,504,504,1,real_00069.jpg
0,0,0,0,0,real_00638.jpg
114,179,337,337,1,real_00547.jpg
44,172,346,346,1,real_00848.jpg
87,122,391,391,1,real_00624.jpg
70,189,301,301,1,real_00149.jpg
140,126,392,392,1,real_00641.jpg
380,317,101,101,1,real_00495.jpg
142,160,424,424,1,real_00347.jpg
67,164,384,384,1,real_00152.jpg
38,95,450,450,1,real_00841.jpg
42,168,373,373,1,real_00634.jpg
89,125,426,426,1,real_00164.jpg
232,199,281,281,2,real_00008.jpg
453,80,77,77,2,real_00008.jpg
106,200,352,352,1,real_00823.jpg
96,129,395,395,1,real_00645.jpg
87,102,434,434,1,real_00468.jpg
94,144,412,412,1,real_01070.jpg
377,310,115,115,2,real_00296.jpg
134,186,395,395,2,real_00296.jpg
167,128,385,385,1,real_00566.jpg
61,80,457,457,1,real_00866.jpg
55,94,437,437,1,real_00429.jpg
108,148,431,431,1,real_00093.jpg
82,91,469,469,1,real_00983.jpg
107,137,397,397,1,real_00472.jpg
92,102,407,407,1,real_01074.jpg
24,91,479,479,1,real_00091.jpg
120,237,360,360,1,real_00351.jpg
63,182,358,358,1,real_00915.jpg
62,141,404,404,1,real_00541.jpg
125,207,367,367,1,real_00254.jpg
116,29,444,444,1,real_00371.jpg
57,127,432,432,1,real_00046.jpg
175,122,386,386,1,real_01039.jpg
68,66,464,464,1,real_00408.jpg
66,161,403,403,1,real_00176.jpg
165,191,375,375,1,real_00156.jpg
34,27,500,500,1,real_00204.jpg
233,175,311,311,2,real_01067.jpg
63,236,240,240,2,real_01067.jpg
54,67,501,501,1,real_00847.jpg
73,342,60,60,2,real_00354.jpg
166,152,408,408,2,real_00354.jpg
107,157,400,400,1,real_00124.jpg
34,120,429,429,1,real_00405.jpg
65,149,348,348,1,real_00891.jpg
72,134,430,430,1,real_00059.jpg
96,136,431,431,1,real_00126.jpg
57,113,444,444,1,real_00599.jpg
109,145,394,394,1,real_00523.jpg
154,148,405,405,2,real_00372.jpg
459,27,72,72,2,real_00372.jpg
220,351,122,122,2,real_00259.jpg
321,454,98,98,2,real_00259.jpg
98,163,394,394,1,real_00421.jpg
100,138,416,416,1,real_00244.jpg
119,181,337,337,1,real_00732.jpg
81,120,427,427,1,real_00151.jpg
222,213,80,80,1,real_00007.jpg
164,178,361,361,1,real_01050.jpg
0,0,0,0,0,real_00630.jpg
70,218,311,311,1,real_01069.jpg
107,166,376,376,1,real_00694.jpg
105,79,435,435,1,real_00850.jpg
136,168,394,394,1,real_01046.jpg
469,231,76,76,2,real_00649.jpg
96,27,485,485,2,real_00649.jpg
82,23,464,464,1,real_00060.jpg
45,131,403,403,1,real_00991.jpg
170,150,386,386,1,real_01038.jpg
0,0,0,0,0,real_00691.jpg
181,101,55,55,2,real_00317.jpg
120,192,388,388,2,real_00317.jpg
75,147,411,411,1,real_00961.jpg
84,116,412,412,1,real_01016.jpg
147,156,394,394,1,real_00588.jpg
113,84,435,435,1,real_00578.jpg
109,117,377,377,1,real_00130.jpg
451,38,59,59,2,real_00480.jpg
74,163,417,417,2,real_00480.jpg
78,151,398,398,1,real_00173.jpg
76,117,412,412,1,real_00500.jpg
60,157,371,371,1,real_00243.jpg
61,88,445,445,1,real_00232.jpg
29,107,438,438,1,real_00982.jpg
34,154,364,364,1,real_01062.jpg
27,38,439,439,1,real_00419.jpg
148,152,417,417,1,real_00988.jpg
118,133,394,394,1,real_00208.jpg
14,150,417,417,1,real_00603.jpg
119,181,387,387,1,real_00737.jpg
65,93,455,455,1,real_01015.jpg
125,119,410,410,1,real_00431.jpg
120,193,364,364,1,real_00277.jpg
348,202,64,64,1,real_00374.jpg
77,162,398,398,1,real_00642.jpg
139,179,374,374,1,real_00950.jpg
166,165,404,404,2,real_00730.jpg
76,243,150,150,2,real_00730.jpg
164,135,399,399,1,real_00778.jpg
0,0,0,0,0,real_00433.jpg
51,79,449,449,1,real_00473.jpg
68,117,421,421,1,real_00175.jpg
8,153,88,88,1,real_00661.jpg
67,59,456,456,1,real_00157.jpg
165,219,323,323,1,real_01063.jpg
102,181,365,365,1,real_00668.jpg
407,20,135,135,1,real_00666.jpg
61,114,384,384,2,real_00114.jpg
386,209,150,150,2,real_00114.jpg
83,83,455,455,1,real_00539.jpg
130,119,428,428,1,real_01041.jpg
326,181,141,141,3,real_00672.jpg
473,140,91,91,3,real_00672.jpg
484,167,100,100,3,real_00672.jpg
36,27,456,456,1,real_01032.jpg
0,0,0,0,0,real_00320.jpg
65,108,464,464,1,real_00612.jpg
147,217,291,291,1,real_00644.jpg
62,85,469,469,1,real_00553.jpg
76,113,450,450,1,real_00548.jpg
90,125,407,407,1,real_00145.jpg
59,108,438,438,1,real_00734.jpg
0,0,0,0,0,real_00623.jpg
0,0,0,0,0,real_00514.jpg
91,121,385,385,1,real_01066.jpg
26,212,65,65,2,real_00212.jpg
15,60,484,484,2,real_00212.jpg
140,145,373,373,1,real_00930.jpg
75,94,447,447,1,real_01058.jpg
114,162,391,391,1,real_00397.jpg
106,31,479,479,1,real_01012.jpg
0,0,0,0,0,real_00969.jpg
50,81,479,479,1,real_00640.jpg
73,161,407,407,1,real_00281.jpg
67,88,464,464,1,real_00916.jpg
113,125,393,393,2,real_00647.jpg
13,465,103,103,2,real_00647.jpg
81,131,443,443,1,real_00450.jpg
84,28,476,476,1,real_00646.jpg
63,172,391,391,1,real_00349.jpg
37,89,349,349,1,real_00721.jpg
45,72,460,460,1,real_00974.jpg
28,42,498,498,1,real_00238.jpg
0,0,0,0,0,real_00389.jpg
47,151,403,403,1,real_00899.jpg
147,130,398,398,1,real_00796.jpg
482,355,48,48,1,real_00250.jpg
107,178,389,389,2,real_00239.jpg
489,82,60,60,2,real_00239.jpg
88,155,392,392,1,real_00396.jpg
11,238,67,67,4,real_00017.jpg
105,228,69,69,4,real_00017.jpg
8,85,110,110,4,real_00017.jpg
83,126,436,436,4,real_00017.jpg
147,157,402,402,1,real_00795.jpg
121,153,392,392,1,real_00567.jpg
73,79,454,454,1,real_00401.jpg
89,123,417,417,1,real_00115.jpg
106,261,339,339,1,real_00976.jpg
0,0,0,0,0,real_00341.jpg
93,104,448,448,1,real_00938.jpg
105,134,443,443,1,real_00139.jpg
40,99,473,473,1,real_00084.jpg
39,127,441,441,1,real_00516.jpg
19,146,395,395,1,real_00266.jpg
162,307,246,246,1,real_00222.jpg
47,10,484,484,1,real_00948.jpg
115,168,388,388,1,real_00167.jpg
451,38,59,59,2,real_00480(1).jpg
74,163,417,417,2,real_00480(1).jpg
126,139,376,376,1,real_00827.jpg
112,150,404,404,1,real_01064.jpg
94,167,375,375,1,real_00524.jpg
75,135,404,404,1,real_00886.jpg
0,0,0,0,0,real_00884.jpg
412,7,66,66,2,real_00826.jpg
110,178,356,356,2,real_00826.jpg
79,165,404,404,1,real_00378.jpg
99,65,470,470,1,real_00506.jpg
77,109,428,428,1,real_00078.jpg
0,0,0,0,0,real_00762.jpg
82,62,438,438,1,real_00258.jpg
464,204,122,122,1,real_00569.jpg
38,139,394,394,1,real_01033.jpg
72,49,465,465,1,real_01053.jpg
161,178,349,349,1,real_01037.jpg
115,153,423,423,1,real_00934.jpg
84,135,387,387,1,real_00849.jpg
81,115,416,416,1,real_00142.jpg
109,121,428,428,1,real_00054.jpg
91,106,425,425,1,real_00999.jpg
0,0,0,0,0,real_00962.jpg
95,121,431,431,1,real_00436.jpg
82,170,388,388,1,real_00475.jpg
115,137,429,429,1,real_00273.jpg
119,168,359,359,1,real_00771.jpg
83,127,380,380,1,real_00907.jpg
521,289,55,55,2,real_00651.jpg
70,110,417,417,2,real_00651.jpg
73,80,462,462,1,real_01078.jpg
70,74,453,453,1,real_00596.jpg
101,196,362,362,1,real_00278.jpg
0,0,0,0,0,real_00202.jpg
60,83,456,456,1,real_00581.jpg
79,112,438,438,1,real_00264.jpg
73,167,401,401,1,real_00839.jpg
124,60,448,448,1,real_00663.jpg
94,104,426,426,1,real_00605.jpg
39,22,522,522,1,real_00128.jpg
60,145,399,399,1,real_00766.jpg
40,91,434,434,1,real_00968.jpg
524,222,67,67,2,real_00089.jpg
86,180,410,410,2,real_00089.jpg
67,153,387,387,1,real_00773.jpg
0,0,0,0,0,real_00613.jpg
126,238,233,233,1,real_00314.jpg
165,161,383,383,1,real_01044.jpg
88,143,418,418,1,real_00584.jpg
154,365,79,79,2,real_00674.jpg
42,159,392,392,2,real_00674.jpg
154,97,352,352,1,real_00724.jpg
139,167,371,371,1,real_01031.jpg
0,0,0,0,0,real_00280.jpg
66,93,475,475,1,real_00120.jpg
102,180,361,361,1,real_00617.jpg
45,163,388,388,1,real_00758.jpg
73,140,409,409,1,real_00727.jpg
272,114,26,26,2,real_00656.jpg
188,205,332,332,2,real_00656.jpg
83,187,338,338,1,real_00905.jpg
95,98,463,463,1,real_00492.jpg
116,120,456,456,1,real_00080.jpg
137,372,29,29,2,real_00255.jpg
369,213,113,113,2,real_00255.jpg
101,168,386,386,1,real_00185.jpg
0,0,0,0,0,real_00198.jpg
59,135,391,391,1,real_00520.jpg
0,0,0,0,0,real_00589.jpg
328,452,61,61,1,real_00853.jpg
93,138,400,400,1,real_00626.jpg
51,64,480,480,1,real_01004.jpg
0,0,0,0,0,real_00327.jpg
117,173,366,366,1,real_00898.jpg
301,283,70,70,1,real_00894.jpg
68,121,415,415,1,real_00210.jpg
67,151,355,355,1,real_00561.jpg
0,0,0,0,0,real_01034.jpg
83,29,418,418,1,real_00187.jpg
126,171,341,341,1,real_00928.jpg
64,92,449,449,1,real_00437.jpg
0,0,0,0,0,real_00319(1).jpg
93,196,381,381,1,real_00286.jpg
75,76,480,480,1,real_00090.jpg
12,80,435,435,1,real_00501.jpg
0,0,0,0,0,real_00544.jpg
64,146,416,416,1,real_00810.jpg
0,0,0,0,0,real_00070.jpg
92,153,409,409,1,real_00830.jpg
41,89,451,451,1,real_00639.jpg
207,168,150,150,2,real_00901.jpg
32,206,64,64,2,real_00901.jpg
98,200,375,375,1,real_00052.jpg
148,106,393,393,1,real_00835.jpg
136,17,430,430,1,real_00486.jpg
67,158,385,385,1,real_00154.jpg
195,199,356,356,1,real_00862.jpg
81,100,485,485,1,real_00113.jpg
92,220,374,374,1,real_01035.jpg
135,152,374,374,1,real_00189.jpg
38,15,493,493,1,real_00479.jpg
0,0,0,0,0,real_01081.jpg
59,100,463,463,1,real_00481.jpg
77,89,430,430,1,real_00822.jpg
51,131,430,430,1,real_00311.jpg
82,76,466,466,1,real_00106.jpg
102,115,435,435,1,real_01040.jpg
117,196,382,382,3,real_00225.jpg
35,473,118,118,3,real_00225.jpg
18,408,147,147,3,real_00225.jpg
0,0,0,0,0,real_00191.jpg
0,0,0,0,0,real_00536.jpg
132,235,160,160,1,real_00224.jpg
161,200,358,358,1,real_00267.jpg
168,99,397,397,1,real_00633.jpg
46,99,416,416,1,real_00307.jpg
59,47,485,485,1,real_00033.jpg
97,142,408,408,1,real_00387.jpg
54,115,439,439,1,real_00136.jpg
120,316,41,41,1,real_00895.jpg
0,0,0,0,0,real_00369.jpg
132,348,124,124,1,real_00057.jpg
98,149,390,390,1,real_00242.jpg
123,48,462,462,2,real_00685.jpg
176,431,35,35,2,real_00685.jpg
44,170,380,380,2,real_00073.jpg
487,511,36,36,2,real_00073.jpg
76,143,419,419,1,real_00701.jpg
39,21,502,502,1,real_00873.jpg
43,19,524,524,2,real_00688.jpg
93,252,132,132,2,real_00688.jpg
98,207,350,350,1,real_00747.jpg
29,117,371,371,2,real_00003.jpg
262,14,118,118,2,real_00003.jpg
83,112,440,440,1,real_00985.jpg
76,142,431,431,1,real_00829.jpg
68,133,403,403,1,real_00925.jpg
378,70,52,52,1,real_00883.jpg
103,172,403,403,1,real_01065.jpg
27,119,400,400,1,real_00316.jpg
84,134,425,425,1,real_00494(1).jpg
151,134,430,430,1,real_00318(1).jpg
97,122,423,423,1,real_00227.jpg
60,42,485,485,1,real_00867.jpg
35,203,372,372,1,real_00197.jpg
118,138,403,403,1,real_00805.jpg
270,427,128,128,1,real_00247.jpg
105,131,388,388,1,real_00391.jpg
77,94,433,433,1,real_00460.jpg
62,87,421,421,1,real_00814.jpg
544,132,28,28,2,real_00809.jpg
92,103,398,398,2,real_00809.jpg
277,441,59,59,2,real_00953.jpg
292,439,65,65,2,real_00953.jpg
64,93,462,462,1,real_00171.jpg
134,158,386,386,1,real_00859.jpg
82,169,405,405,1,real_00750.jpg
72,147,413,413,1,real_00521.jpg
73,111,434,434,1,real_00764.jpg
114,164,388,388,1,real_01057.jpg
82,88,485,485,1,real_01018.jpg
19,168,400,400,1,real_00800.jpg
80,117,439,439,1,real_00562.jpg
73,98,444,444,1,real_00015.jpg
88,139,384,384,1,real_00245.jpg
69,147,366,366,1,real_00302.jpg
8,2,121,121,2,real_00290.jpg
78,112,449,449,2,real_00290.jpg
113,83,444,444,1,real_01027.jpg
0,0,0,0,0,real_01005.jpg
78,131,436,436,1,real_00871.jpg
105,151,407,407,1,real_00585.jpg
96,195,377,377,1,real_00205.jpg
52,166,310,310,1,real_00288.jpg
147,114,439,439,1,real_00992.jpg
161,313,83,83,5,real_00047.jpg
130,123,390,390,5,real_00047.jpg
195,286,144,144,5,real_00047.jpg
354,248,125,125,5,real_00047.jpg
101,479,70,70,5,real_00047.jpg
0,0,0,0,0,real_00627.jpg
0,0,0,0,0,real_01051.jpg
56,83,465,465,1,real_00813.jpg
106,115,448,448,1,real_00594.jpg
108,174,381,381,1,real_00689.jpg
48,174,384,384,1,real_00485.jpg
51,141,415,415,1,real_00370.jpg
91,169,378,378,1,real_00415.jpg
57,73,441,441,1,real_00399.jpg
62,67,463,463,1,real_00675.jpg
109,233,350,350,1,real_00403.jpg
51,163,78,78,1,real_00308.jpg
136,221,338,338,1,real_00534.jpg
182,143,341,341,1,real_00143.jpg
112,194,395,395,1,real_00261.jpg
0,0,0,0,0,real_00269.jpg
78,100,446,446,1,real_00667.jpg
87,133,417,417,1,real_00337.jpg
113,160,375,375,1,real_00352.jpg
76,33,27,27,2,real_00251.jpg
89,133,397,397,2,real_00251.jpg
91,108,423,423,1,real_00933.jpg
0,0,0,0,0,real_00309.jpg
64,120,434,434,1,real_01076.jpg
9,244,52,52,2,real_00542.jpg
152,151,366,366,2,real_00542.jpg
0,0,0,0,0,real_00029.jpg
85,145,409,409,1,real_01075.jpg
78,77,27,27,3,real_00530.jpg
35,112,92,92,3,real_00530.jpg
223,134,359,359,3,real_00530.jpg
0,0,0,0,0,real_01047.jpg
96,94,431,431,1,real_00395.jpg
0,0,0,0,0,real_01014.jpg
81,12,406,406,1,real_00966.jpg
27,55,501,501,1,real_00787.jpg
520,403,52,52,1,real_00443.jpg
132,170,398,398,2,real_00373.jpg
28,476,26,26,2,real_00373.jpg
60,80,473,473,1,real_00965.jpg
40,81,452,452,1,real_00487.jpg
105,148,412,412,1,real_00490.jpg
34,60,423,423,1,real_00515.jpg
69,133,419,419,1,real_00367.jpg
172,141,360,360,1,real_00112.jpg
56,84,444,444,1,real_00579.jpg
59,100,463,463,1,real_00481(1).jpg
460,216,75,75,2,real_00298.jpg
104,208,341,341,2,real_00298.jpg
162,516,32,32,2,real_00543.jpg
181,333,187,187,2,real_00543.jpg
68,82,418,418,1,real_00424.jpg
0,0,0,0,0,real_00818.jpg
103,482,41,41,1,real_00602.jpg
289,418,62,62,1,real_00706.jpg
117,218,342,342,1,real_00497.jpg
94,142,375,375,1,real_00906.jpg
55,163,412,412,1,real_00564.jpg
195,173,355,355,1,real_00927.jpg
441,200,128,128,2,real_00249.jpg
74,128,411,411,2,real_00249.jpg
139,263,316,316,1,real_00923.jpg
86,84,451,451,1,real_00067.jpg
107,104,420,420,2,real_00412.jpg
11,228,54,54,2,real_00412.jpg
74,177,401,401,1,real_00741.jpg
86,119,424,424,1,real_00442.jpg
238,254,61,61,1,real_00511.jpg
109,132,447,447,1,real_00088.jpg
37,24,523,523,1,real_00728.jpg
463,75,50,50,2,real_00385.jpg
503,98,64,64,2,real_00385.jpg
38,292,54,54,1,real_01052.jpg
84,117,415,415,1,real_00868.jpg
97,173,379,379,1,real_00160.jpg
61,33,442,442,1,real_00253.jpg
83,188,401,401,1,real_00135.jpg
46,73,481,481,1,real_00838.jpg
72,34,471,471,1,real_00761.jpg
177,173,356,356,1,real_00956.jpg
37,33,498,498,2,real_00155.jpg
216,378,181,181,2,real_00155.jpg
0,0,0,0,0,real_00455.jpg
104,170,386,386,1,real_01055.jpg
57,195,380,380,1,real_00343.jpg
308,137,273,273,2,real_00718.jpg
354,371,165,165,2,real_00718.jpg
140,127,422,422,1,real_00476.jpg
544,254,52,52,2,real_00753.jpg
92,161,395,395,2,real_00753.jpg
0,0,0,0,0,real_00463.jpg
51,34,483,483,1,real_00696.jpg
98,121,425,425,1,real_00858.jpg
80,134,36,36,1,real_00342.jpg
76,128,457,457,1,real_00098.jpg
141,131,433,433,1,real_00001.jpg
116,148,404,404,2,real_00619.jpg
2,469,75,75,2,real_00619.jpg
80,205,60,60,3,real_00582.jpg
366,320,99,99,3,real_00582.jpg
129,160,420,420,3,real_00582.jpg
0,0,0,0,0,real_00282.jpg
49,86,469,469,1,real_00470.jpg
113,170,394,394,1,real_00981.jpg
55,98,454,454,1,real_00271.jpg
109,204,382,382,1,real_00315.jpg
0,0,0,0,0,real_00857.jpg
36,123,393,393,1,real_00610.jpg
122,161,400,400,1,real_00739.jpg
27,145,375,375,1,real_00310.jpg
109,139,423,423,1,real_00123.jpg
201,190,313,313,1,real_00036.jpg
83,146,414,414,1,real_00731.jpg
81,114,451,451,1,real_00293.jpg
47,87,453,453,1,real_00381.jpg
236,164,354,354,1,real_00193.jpg
98,164,388,388,1,real_00216.jpg
525,217,62,62,1,real_00375.jpg
40,136,413,413,1,real_00079.jpg
60,31,471,471,1,real_00061.jpg
73,110,431,431,1,real_00446.jpg
45,150,378,378,1,real_00064.jpg
132,176,406,406,1,real_00532.jpg
0,0,0,0,0,real_00957.jpg
0,0,0,0,0,real_00323.jpg
29,67,459,459,1,real_00190.jpg
107,172,402,402,1,real_00035.jpg
10,86,441,441,1,real_00063.jpg
306,480,31,31,1,real_00815.jpg
94,157,384,384,1,real_01068.jpg
96,130,404,404,1,real_00786.jpg
0,0,0,0,0,real_01054.jpg
516,135,75,75,1,real_00947.jpg
44,147,403,403,1,real_00770.jpg
31,51,477,477,1,real_00272.jpg
81,205,315,315,1,real_00465.jpg
112,165,398,398,1,real_00332.jpg
77,199,350,350,1,real_00779.jpg
110,130,403,403,1,real_00188.jpg
37,143,387,387,1,real_01059.jpg
156,124,398,398,1,real_00914.jpg
111,168,405,405,1,real_00784.jpg
110,118,412,412,1,real_00440.jpg
121,185,390,390,1,real_00559.jpg
128,111,447,447,1,real_00043.jpg
66,144,388,388,1,real_00478.jpg
31,107,439,439,1,real_00075.jpg
107,183,404,404,1,real_00621.jpg
0,0,0,0,0,real_00471.jpg
64,108,468,468,1,real_00856.jpg
75,178,388,388,1,real_00620.jpg
147,187,394,394,1,real_00363.jpg
24,106,416,416,1,real_00439.jpg
82,106,452,452,1,real_00586.jpg
42,23,479,479,1,real_00825.jpg
96,166,404,404,1,real_00359.jpg
39,136,413,413,1,real_00163.jpg
131,124,48,48,2,real_00997.jpg
453,256,138,138,2,real_00997.jpg
127,95,416,416,1,real_00713.jpg
39,139,407,407,1,real_00635.jpg
507,355,61,61,2,real_00161.jpg
56,239,117,117,2,real_00161.jpg
0,0,0,0,0,real_00510.jpg
34,44,524,524,1,real_00058.jpg
99,188,371,371,1,real_00960.jpg
114,154,423,423,1,real_00540.jpg
525,1,70,70,2,real_00637.jpg
117,163,381,381,2,real_00637.jpg
0,0,0,0,0,real_00560.jpg
98,167,370,370,1,real_00757.jpg
0,0,0,0,0,real_00655.jpg
122,166,365,365,1,real_00693.jpg
140,174,388,388,1,real_00752.jpg
0,0,0,0,0,real_00018.jpg
23,100,450,450,2,real_00246.jpg
114,385,124,124,2,real_00246.jpg
66,36,482,482,1,real_00703.jpg
0,0,0,0,0,real_00652.jpg
0,0,0,0,0,real_00910.jpg
78,157,386,386,1,real_00107.jpg
164,135,396,396,1,real_00042.jpg
136,178,371,371,2,real_00305.jpg
493,50,67,67,2,real_00305.jpg
88,177,383,383,1,real_00376.jpg
45,106,440,440,1,real_00725.jpg
175,221,343,343,1,real_00659.jpg
122,130,425,425,1,real_00331(1).jpg
94,211,353,353,1,real_00019.jpg
79,130,401,401,1,real_01045.jpg
33,219,303,303,2,real_00459.jpg
127,211,344,344,2,real_00459.jpg
72,125,398,398,1,real_00110.jpg
77,105,443,443,1,real_00820.jpg
0,0,0,0,0,real_00984.jpg
86,57,454,454,1,real_00422.jpg
487,74,68,68,1,real_00971.jpg
12,154,376,376,1,real_00420.jpg
93,105,424,424,1,real_00174.jpg
64,95,451,451,1,real_00213.jpg
92,184,366,366,1,real_00496.jpg
54,200,358,358,1,real_00388.jpg
101,156,388,388,1,real_00863.jpg
111,172,393,393,1,real_00377.jpg
47,45,494,494,1,real_00483.jpg
158,186,352,352,1,real_00117.jpg
174,250,319,319,1,real_00414.jpg
62,119,415,415,1,real_00714.jpg
21,69,456,456,1,real_00995.jpg
96,176,407,407,1,real_00776.jpg
0,0,0,0,0,real_00118.jpg
63,137,438,438,1,real_00183.jpg
0,0,0,0,0,real_00872.jpg
74,139,441,441,1,real_00755.jpg
22,172,102,102,2,real_00116.jpg
118,157,375,375,2,real_00116.jpg
124,158,34,34,3,real_00593.jpg
356,104,39,39,3,real_00593.jpg
321,148,121,121,3,real_00593.jpg
0,0,0,0,0,real_00072.jpg
95,179,391,391,1,real_00300.jpg
63,108,436,436,1,real_00360.jpg
119,201,372,372,1,real_00943.jpg
157,123,392,392,1,real_00842.jpg
127,225,340,340,1,real_00469.jpg
36,325,60,60,1,real_00488.jpg
69,184,375,375,1,real_00662.jpg
0,0,0,0,0,real_00338.jpg
74,204,382,382,1,real_00958.jpg
66,98,448,448,1,real_00648.jpg
130,171,382,382,1,real_00062.jpg
0,0,0,0,0,real_00583.jpg
202,179,320,320,1,real_00963.jpg
118,208,371,371,1,real_00230.jpg
67,121,426,426,1,real_00832.jpg
0,0,0,0,0,real_00897.jpg
74,71,491,491,1,real_00743.jpg
188,119,334,334,1,real_00855.jpg
60,89,468,468,1,real_00134.jpg
222,347,186,186,1,real_00428.jpg
79,180,360,360,1,real_00843.jpg
95,185,350,350,1,real_00416.jpg
386,110,58,58,1,real_00650.jpg
73,158,338,338,1,real_00195.jpg
28,114,429,429,1,real_00491.jpg
30,92,490,490,1,real_00598.jpg
56,158,388,388,1,real_00618.jpg
0,0,0,0,0,real_00086.jpg
53,84,443,443,1,real_00333.jpg
74,156,401,401,1,real_00989.jpg
60,161,409,409,1,real_00181.jpg
98,200,388,388,1,real_00322.jpg
478,167,65,65,2,real_00199.jpg
14,29,355,355,2,real_00199.jpg
118,182,392,392,1,real_00012.jpg
87,6,455,455,1,real_00203.jpg
64,218,367,367,1,real_00710.jpg
93,60,453,453,1,real_00386.jpg
52,32,481,481,1,real_00133.jpg
58,167,402,402,1,real_00289.jpg
54,141,409,409,1,real_00283.jpg
85,89,449,449,1,real_01017.jpg
0,0,0,0,0,real_00350.jpg
89,154,386,386,1,real_00071.jpg
68,101,435,435,1,real_00527.jpg
116,207,349,349,1,real_00297.jpg
105,161,403,403,1,real_00600.jpg
122,150,397,397,1,real_00708.jpg
45,120,431,431,1,real_00631.jpg
83,110,450,450,1,real_01021.jpg
154,170,378,378,1,real_01030.jpg
300,306,26,26,1,real_00430.jpg
81,188,366,366,1,real_00601.jpg
57,93,459,459,1,real_00882.jpg
0,0,0,0,0,real_00099.jpg
25,23,551,551,2,real_00423.jpg
85,130,69,69,2,real_00423.jpg
55,77,476,476,1,real_00537.jpg
90,113,449,449,1,real_00802.jpg
102,106,404,404,1,real_00234.jpg
0,0,0,0,0,real_00016.jpg
0,0,0,0,0,real_00628.jpg
85,103,59,59,2,real_01013.jpg
160,128,426,426,2,real_01013.jpg
37,67,462,462,1,real_00932.jpg
75,66,427,427,1,real_00441.jpg
187,179,364,364,1,real_00590.jpg
43,78,487,487,1,real_00507.jpg
0,0,0,0,0,real_00890.jpg
77,172,46,46,2,real_00919.jpg
119,129,404,404,2,real_00919.jpg
82,183,383,383,1,real_00937.jpg
0,0,0,0,0,real_00538.jpg
86,208,380,380,1,real_00312.jpg
471,2,28,28,4,real_00837.jpg
506,111,65,65,4,real_00837.jpg
146,286,86,86,4,real_00837.jpg
100,200,367,367,4,real_00837.jpg
53,173,338,338,1,real_00986.jpg
249,285,185,185,1,real_00801.jpg
113,152,403,403,1,real_00535.jpg
195,98,386,386,2,real_00165.jpg
28,193,165,165,2,real_00165.jpg
103,206,349,349,1,real_00087.jpg
63,98,434,434,1,real_00454.jpg
136,163,392,392,1,real_00660.jpg
74,106,466,466,1,real_00680.jpg
126,179,389,389,1,real_00032.jpg
0,0,0,0,0,real_00034.jpg
69,116,430,430,1,real_00340.jpg
90,117,435,435,1,real_00102.jpg
135,102,418,418,1,real_00345.jpg
68,118,447,447,1,real_00595.jpg
29,92,466,466,1,real_00100.jpg
0,0,0,0,0,real_00608.jpg
128,127,431,431,1,real_00690.jpg
92,169,384,384,1,real_00744.jpg
27,104,442,442,1,real_00678.jpg
0,0,0,0,0,real_00888.jpg
36,37,482,482,1,real_00918.jpg
72,120,444,444,1,real_00615.jpg
124,133,412,412,1,real_00941.jpg
104,108,431,431,1,real_00456.jpg
90,54,432,432,2,real_00977.jpg
427,485,108,108,2,real_00977.jpg
41,168,400,400,1,real_00944.jpg
75,146,418,418,1,real_00068.jpg
27,171,395,395,1,real_00299.jpg
100,170,392,392,1,real_00140.jpg
135,149,366,366,1,real_00451.jpg
140,136,407,407,1,real_00526.jpg
0,0,0,0,0,real_00683.jpg
82,72,435,435,1,real_00654.jpg
47,66,464,464,1,real_00041.jpg
38,155,402,402,1,real_00220.jpg
104,90,442,442,1,real_00226.jpg
104,165,404,404,1,real_00878.jpg
87,84,51,51,2,real_00262.jpg
107,175,383,383,2,real_00262.jpg
92,148,406,406,1,real_00754.jpg
179,103,405,405,2,real_00055.jpg
494,472,72,72,2,real_00055.jpg
81,127,395,395,1,real_00125.jpg
64,50,478,478,1,real_00597.jpg
0,0,0,0,0,real_00951.jpg
63,141,421,421,1,real_00095.jpg
41,8,508,508,1,real_00580.jpg
76,82,459,459,1,real_00887.jpg
25,108,411,411,1,real_00665.jpg
99,167,385,385,1,real_00699.jpg
87,89,448,448,1,real_00811.jpg
60,72,473,473,1,real_00330.jpg
9,35,537,537,1,real_00686.jpg
29,1,54,54,2,real_00104.jpg
139,181,398,398,2,real_00104.jpg
91,129,408,408,1,real_01060.jpg
132,98,418,418,1,real_00900.jpg
76,94,435,435,1,real_00132.jpg
68,112,449,449,1,real_00121.jpg
173,153,389,389,1,real_00557.jpg
117,134,395,395,1,real_00048.jpg
112,189,372,372,1,real_00558.jpg
0,0,0,0,0,real_00942.jpg
118,192,370,370,1,real_00604.jpg
76,136,410,410,1,real_00221.jpg
0,0,0,0,0,real_01025.jpg
97,181,373,373,1,real_00760.jpg
486,446,58,58,2,real_00529.jpg
97,228,367,367,2,real_00529.jpg
271,439,121,121,2,real_00671.jpg
172,439,121,121,2,real_00671.jpg
151,109,399,399,1,real_00844.jpg
137,163,395,395,1,real_00768.jpg
530,229,59,59,1,real_00875.jpg
30,119,350,350,1,real_00409.jpg
49,129,418,418,1,real_00749.jpg
98,175,393,393,1,real_00263.jpg
127,146,392,392,1,real_00053.jpg
79,108,422,422,1,real_00313.jpg
114,177,383,383,1,real_00168.jpg
43,176,330,330,1,real_00563.jpg
130,168,364,364,3,real_00004.jpg
90,26,96,96,3,real_00004.jpg
12,13,162,162,3,real_00004.jpg
410,4,102,102,2,real_00513.jpg
88,138,407,407,2,real_00513.jpg
505,164,60,60,2,real_00735.jpg
80,160,383,383,2,real_00735.jpg
60,73,452,452,1,real_00525.jpg
64,90,472,472,1,real_00082.jpg
56,73,444,444,1,real_00587.jpg
163,140,401,401,1,real_00840.jpg
0,0,0,0,0,real_00935.jpg
77,86,405,405,1,real_00789.jpg
118,373,97,97,1,real_00153.jpg
45,148,428,428,1,real_00379.jpg
0,0,0,0,0,real_00228.jpg
126,151,413,413,1,real_01009.jpg
136,197,333,333,1,real_00817.jpg
44,113,427,427,1,real_00702.jpg
475,275,70,70,2,real_00452.jpg
27,172,303,303,2,real_00452.jpg
86,140,404,404,1,real_01003.jpg
122,203,369,369,1,real_00184.jpg
104,167,412,412,2,real_00404.jpg
203,76,344,344,2,real_00404.jpg
102,134,413,413,1,real_00065.jpg
93,151,410,410,1,real_00979.jpg
67,102,471,471,2,real_00304.jpg
308,172,136,136,2,real_00304.jpg
45,146,440,440,1,real_00356.jpg
113,129,404,404,1,real_00418.jpg
71,150,372,372,1,real_00726.jpg
43,98,458,458,2,real_00445.jpg
120,316,167,167,2,real_00445.jpg
30,9,512,512,1,real_00924.jpg
68,53,456,456,1,real_00400.jpg
2,52,56,56,2,real_01073.jpg
86,139,408,408,2,real_01073.jpg
58,14,486,486,1,real_00952.jpg
